{"cameraMode":{"drawMode":0,"name":"Shaded","section":"Shading Mode"},"sceneLighting":false,"audioPlay":false,"sceneViewState":{"showFog":true,"showMaterialUpdate":false,"showSkybox":false,"showFlares":true,"showImageEffects":true,"showParticleSystems":true},"in2DMode":false,"pivot":{"x":2.384185791015625e-7,"y":1.7344815731048585,"z":0.26821398735046389},"rotation":{"x":0.07176610827445984,"y":-0.8559947609901428,"z":0.4968336820602417,"w":0.12360801547765732},"size":7.223829746246338,"orthographic":true}