{"cameraMode":{"drawMode":0,"name":"Shaded","section":"Shading Mode"},"sceneLighting":true,"audioPlay":false,"sceneViewState":{"showFog":true,"showMaterialUpdate":false,"showSkybox":true,"showFlares":true,"showImageEffects":true,"showParticleSystems":true},"in2DMode":false,"pivot":{"x":2.9600000381469728,"y":0.9900000095367432,"z":2.3299999237060549},"rotation":{"x":0.10769534111022949,"y":0.8501655459403992,"z":-0.191372811794281,"w":0.47853609919548037},"size":6.63116455078125,"orthographic":true}