{"cameraMode":{"drawMode":0,"name":"Shaded","section":"Shading Mode"},"sceneLighting":false,"audioPlay":false,"sceneViewState":{"showFog":true,"showMaterialUpdate":false,"showSkybox":false,"showFlares":true,"showImageEffects":true,"showParticleSystems":true},"in2DMode":false,"pivot":{"x":-1.1333403587341309,"y":4.076935768127441,"z":2.19499135017395},"rotation":{"x":0.4014430344104767,"y":-0.4179163873195648,"z":0.21327196061611176,"w":0.7865777611732483},"size":34.805137634277347,"orthographic":true}