{"cameraMode":{"drawMode":0,"name":"Shaded","section":"Shading Mode"},"sceneLighting":false,"audioPlay":false,"sceneViewState":{"showFog":true,"showMaterialUpdate":false,"showSkybox":false,"showFlares":true,"showImageEffects":true,"showParticleSystems":true},"in2DMode":false,"pivot":{"x":-0.014290809631347657,"y":1.875,"z":0.0020317435264587404},"rotation":{"x":0.2713838219642639,"y":0.2036634236574173,"z":-0.058888211846351626,"w":0.9388312697410584},"size":12.069148063659668,"orthographic":true}