{"cameraMode":{"drawMode":0,"name":"Shaded","section":"Shading Mode"},"sceneLighting":false,"audioPlay":false,"sceneViewState":{"showFog":true,"showMaterialUpdate":false,"showSkybox":false,"showFlares":true,"showImageEffects":true,"showParticleSystems":true},"in2DMode":false,"pivot":{"x":-0.014285087585449219,"y":1.875,"z":0.00411224365234375},"rotation":{"x":0.13618816435337068,"y":0.8054700493812561,"z":-0.5397771000862122,"w":0.20325210690498353},"size":12.133575439453125,"orthographic":true}