{"cameraMode":{"drawMode":0,"name":"Shaded","section":"Shading Mode"},"sceneLighting":false,"audioPlay":false,"sceneViewState":{"showFog":true,"showMaterialUpdate":false,"showSkybox":false,"showFlares":true,"showImageEffects":true,"showParticleSystems":true},"in2DMode":false,"pivot":{"x":-3.0000009536743166,"y":2.9861748218536379,"z":-0.015081524848937989},"rotation":{"x":-0.020353589206933976,"y":0.7212764024734497,"z":-0.021207520738244058,"w":-0.6920234560966492},"size":14.687780380249024,"orthographic":true}