{"cameraMode":{"drawMode":0,"name":"Shaded","section":"Shading Mode"},"sceneLighting":false,"audioPlay":false,"sceneViewState":{"showFog":true,"showMaterialUpdate":false,"showSkybox":false,"showFlares":true,"showImageEffects":true,"showParticleSystems":true},"in2DMode":false,"pivot":{"x":-3.0000007152557375,"y":1.500000238418579,"z":0.0},"rotation":{"x":-0.007634440436959267,"y":-0.973696768283844,"z":0.2253144383430481,"w":-0.033011820167303088},"size":11.755599975585938,"orthographic":true}