{"cameraMode":{"drawMode":0,"name":"Shaded","section":"Shading Mode"},"sceneLighting":true,"audioPlay":false,"sceneViewState":{"showFog":true,"showMaterialUpdate":false,"showSkybox":true,"showFlares":true,"showImageEffects":true,"showParticleSystems":true},"in2DMode":false,"pivot":{"x":30.848054885864259,"y":-1.8028380870819092,"z":42.20398712158203},"rotation":{"x":0.220040425658226,"y":-0.7796899080276489,"z":0.40234237909317019,"w":0.42636439204216006},"size":38.68928909301758,"orthographic":true}