{"cameraMode":{"drawMode":0,"name":"Shaded","section":"Shading Mode"},"sceneLighting":true,"audioPlay":false,"sceneViewState":{"showFog":true,"showMaterialUpdate":false,"showSkybox":true,"showFlares":true,"showImageEffects":true,"showParticleSystems":true},"in2DMode":false,"pivot":{"x":23.129785537719728,"y":-2.0998735427856447,"z":27.556598663330079},"rotation":{"x":0.4415796399116516,"y":-0.5493435263633728,"z":0.5643635392189026,"w":0.42979422211647036},"size":38.68928909301758,"orthographic":true}